Tanggal,RR
1/1/2020,42.4
1/2/2020,8888
1/3/2020,8
1/4/2020,33
1/5/2020,49
1/6/2020,3.8
1/7/2020,8888
1/8/2020,47
1/9/2020,15.1
1/10/2020,7
1/11/2020,20.5
1/12/2020,0.8
1/13/2020,20.1
1/14/2020,7
1/15/2020,39.7
1/16/2020,10.5
1/17/2020,0.3
1/18/2020,102.7
1/19/2020,14.5
1/20/2020,0.4
1/21/2020,59.6
1/22/2020,25.3
1/23/2020,61.1
1/24/2020,14.8
1/25/2020,87
1/26/2020,0.4
1/27/2020,
1/28/2020,22.7
1/29/2020,12
1/30/2020,35
1/31/2020,52
2/1/2020,2.4
2/2/2020,8888
2/3/2020,
2/4/2020,
2/5/2020,0
2/6/2020,37
2/7/2020,6.5
2/8/2020,0.6
2/9/2020,0
2/10/2020,0
2/11/2020,1.4
2/12/2020,
2/13/2020,24.7
2/14/2020,2.1
2/15/2020,0
2/16/2020,2.5
2/17/2020,1
2/18/2020,5.6
2/19/2020,2.5
2/20/2020,0.4
2/21/2020,
2/22/2020,
2/23/2020,0
2/24/2020,0
2/25/2020,0
2/26/2020,20.4
2/27/2020,8888
2/28/2020,14.3
2/29/2020,4
3/1/2020,0.7
3/2/2020,
3/3/2020,16
3/4/2020,32.1
3/5/2020,2.8
3/6/2020,
3/7/2020,
3/8/2020,
3/9/2020,30.7
3/10/2020,
3/11/2020,8
3/12/2020,9.5
3/13/2020,66.1
3/14/2020,
3/15/2020,
3/16/2020,35
3/17/2020,
3/18/2020,6.5
3/19/2020,30.8
3/20/2020,4.2
3/21/2020,6.4
3/22/2020,
3/23/2020,32
3/24/2020,1
3/25/2020,35.7
3/26/2020,0
3/27/2020,59.8
3/28/2020,6.5
3/29/2020,
3/30/2020,13.8
3/31/2020,12.5
4/1/2020,0.8
4/2/2020,3.6
4/3/2020,7.9
4/4/2020,21
4/5/2020,5
4/6/2020,0.4
4/7/2020,
4/8/2020,
4/9/2020,
4/10/2020,
4/11/2020,
4/12/2020,
4/13/2020,
4/14/2020,
4/15/2020,81.3
4/16/2020,
4/17/2020,8888
4/18/2020,
4/19/2020,
4/20/2020,0
4/21/2020,0.4
4/22/2020,
4/23/2020,0
4/24/2020,
4/25/2020,8888
4/26/2020,
4/27/2020,4.8
4/28/2020,7
4/29/2020,
4/30/2020,70.1
5/1/2020,67.3
5/2/2020,8.3
5/3/2020,
5/4/2020,2
5/5/2020,7.4
5/6/2020,0.2
5/7/2020,
5/8/2020,42
5/9/2020,1.6
5/10/2020,1.2
5/11/2020,6
5/12/2020,
5/13/2020,8888
5/14/2020,
5/15/2020,8888
5/16/2020,1
5/17/2020,14.6
5/18/2020,4.1
5/19/2020,
5/20/2020,
5/21/2020,
5/22/2020,8888
5/23/2020,65
5/24/2020,
5/25/2020,
5/26/2020,0.2
5/27/2020,
5/28/2020,47
5/29/2020,0
5/30/2020,
5/31/2020,6.5
6/1/2020,9.2
6/2/2020,46.6
6/3/2020,2.4
6/4/2020,
6/5/2020,4.8
6/6/2020,1
6/7/2020,63.8
6/8/2020,8
6/9/2020,1.7
6/10/2020,
6/11/2020,3
6/12/2020,39.8
6/13/2020,
6/14/2020,
6/15/2020,0.2
6/16/2020,
6/17/2020,15.3
6/18/2020,
6/19/2020,
6/20/2020,6.8
6/21/2020,0.2
6/22/2020,15.6
6/23/2020,36.2
6/24/2020,
6/25/2020,
6/26/2020,
6/27/2020,
6/28/2020,1
6/29/2020,0
6/30/2020,
7/1/2020,
7/2/2020,15.6
7/3/2020,1
7/4/2020,
7/5/2020,
7/6/2020,2.4
7/7/2020,7
7/8/2020,
7/9/2020,0
7/10/2020,
7/11/2020,45.5
7/12/2020,
7/13/2020,
7/14/2020,
7/15/2020,0.5
7/16/2020,
7/17/2020,2
7/18/2020,2
7/19/2020,0
7/20/2020,25.1
7/21/2020,1
7/22/2020,14.7
7/23/2020,37.5
7/24/2020,
7/25/2020,
7/26/2020,
7/27/2020,
7/28/2020,
7/29/2020,
7/30/2020,
7/31/2020,
8/1/2020,
8/2/2020,
8/3/2020,0
8/4/2020,8888
8/5/2020,115.3
8/6/2020,11.1
8/7/2020,0.8
8/8/2020,0
8/9/2020,0
8/10/2020,
8/11/2020,
8/12/2020,10.4
8/13/2020,
8/14/2020,67.5
8/15/2020,
8/16/2020,8888
8/17/2020,14.2
8/18/2020,0
8/19/2020,5.5
8/20/2020,
8/21/2020,
8/22/2020,
8/23/2020,0
8/24/2020,
8/25/2020,
8/26/2020,
8/27/2020,
8/28/2020,0
8/29/2020,
8/30/2020,
8/31/2020,
9/1/2020,
9/2/2020,0
9/3/2020,8888
9/4/2020,14.8
9/5/2020,8888
9/6/2020,
9/7/2020,0
9/8/2020,
9/9/2020,8888
9/10/2020,13
9/11/2020,8888
9/12/2020,0
9/13/2020,3
9/14/2020,0
9/15/2020,
9/16/2020,
9/17/2020,
9/18/2020,
9/19/2020,
9/20/2020,
9/21/2020,
9/22/2020,
9/23/2020,
9/24/2020,
9/25/2020,
9/26/2020,
9/27/2020,
9/28/2020,2.5
9/29/2020,0
9/30/2020,
10/1/2020,
10/2/2020,1.1
10/3/2020,2.2
10/4/2020,3.4
10/5/2020,46.7
10/6/2020,
10/7/2020,0
10/8/2020,
10/9/2020,
10/10/2020,1.5
10/11/2020,1
10/12/2020,
10/13/2020,
10/14/2020,
10/15/2020,0.5
10/16/2020,8888
10/17/2020,
10/18/2020,
10/19/2020,
10/20/2020,30
10/21/2020,
10/22/2020,
10/23/2020,
10/24/2020,
10/25/2020,
10/26/2020,4
10/27/2020,8888
10/28/2020,0.1
10/29/2020,
10/30/2020,
10/31/2020,12
11/1/2020,0
11/2/2020,8888
11/3/2020,6.4
11/4/2020,
11/5/2020,
11/6/2020,4.5
11/7/2020,1.6
11/8/2020,13
11/9/2020,1.4
11/10/2020,8888
11/11/2020,
11/12/2020,
11/13/2020,0.8
11/14/2020,
11/15/2020,
11/16/2020,2.4
11/17/2020,6
11/18/2020,1.5
11/19/2020,8888
11/20/2020,9
11/21/2020,8
11/22/2020,5.2
11/23/2020,2.2
11/24/2020,7.1
11/25/2020,19
11/26/2020,16.6
11/27/2020,4.8
11/28/2020,
11/29/2020,0.6
11/30/2020,0.5
12/1/2020,1.5
12/2/2020,
12/3/2020,43.4
12/4/2020,10.6
12/5/2020,
12/6/2020,0
12/7/2020,0.2
12/8/2020,1.5
12/9/2020,8888
12/10/2020,
12/11/2020,38.7
12/12/2020,8.5
12/13/2020,0.2
12/14/2020,1.8
12/15/2020,2.8
12/16/2020,12.3
12/17/2020,14
12/18/2020,9.8
12/19/2020,3.5
12/20/2020,13.9
12/21/2020,6.5
12/22/2020,
12/23/2020,
12/24/2020,0
12/25/2020,2.5
12/26/2020,55.8
12/27/2020,28
12/28/2020,9
12/29/2020,1
12/30/2020,0.6
12/31/2020,0.2
1/1/2021,42.9
1/2/2021,5.5
1/3/2021,5.7
1/4/2021,0.2
1/5/2021,8888
1/6/2021,7.4
1/7/2021,4.5
1/8/2021,0
1/9/2021,0
1/10/2021,31
1/11/2021,1.8
1/12/2021,19.8
1/13/2021,7.2
1/14/2021,8888
1/15/2021,0
1/16/2021,0
1/17/2021,0
1/18/2021,0
1/19/2021,2
1/20/2021,0
1/21/2021,2
1/22/2021,43
1/23/2021,0
1/24/2021,13.5
1/25/2021,10
1/26/2021,14.3
1/27/2021,1
1/28/2021,6.3
1/29/2021,0.2
1/30/2021,7
1/31/2021,3
2/1/2021,0.3
2/2/2021,7.9
2/3/2021,11.9
2/4/2021,15.3
2/5/2021,26.7
2/6/2021,0
2/7/2021,8888
2/8/2021,22.3
2/9/2021,26.9
2/10/2021,9.7
2/11/2021,10.2
2/12/2021,0
2/13/2021,29.8
2/14/2021,0
2/15/2021,9.5
2/16/2021,0.2
2/17/2021,0.8
2/18/2021,8888
2/19/2021,0.4
2/20/2021,0.2
2/21/2021,7.2
2/22/2021,0
2/23/2021,0
2/24/2021,0
2/25/2021,21
2/26/2021,33.6
2/27/2021,44.6
2/28/2021,0
3/1/2021,0.2
3/2/2021,29.5
3/3/2021,15.6
3/4/2021,52.9
3/5/2021,0
3/6/2021,0
3/7/2021,2.5
3/8/2021,10.1
3/9/2021,0
3/10/2021,6.5
3/11/2021,0
3/12/2021,4
3/13/2021,13.7
3/14/2021,6.6
3/15/2021,32.9
3/16/2021,0
3/17/2021,8888
3/18/2021,0
3/19/2021,0
3/20/2021,0
3/21/2021,0
3/22/2021,0
3/23/2021,4.1
3/24/2021,1
3/25/2021,6.5
3/26/2021,2
3/27/2021,2.5
3/28/2021,0.4
3/29/2021,0
3/30/2021,0
3/31/2021,8888
4/1/2021,8.2
4/2/2021,8888
4/3/2021,39.5
4/4/2021,8888
4/5/2021,0
4/6/2021,0
4/7/2021,0
4/8/2021,0
4/9/2021,0
4/10/2021,12.6
4/11/2021,8
4/12/2021,0.7
4/13/2021,1
4/14/2021,0
4/15/2021,8888
4/16/2021,32.5
4/17/2021,8888
4/18/2021,1.2
4/19/2021,1
4/20/2021,2.5
4/21/2021,4.5
4/22/2021,0
4/23/2021,0
4/24/2021,0
4/25/2021,0
4/26/2021,0
4/27/2021,0
4/28/2021,0
4/29/2021,2.8
4/30/2021,19
5/1/2021,20.2
5/2/2021,5.9
5/3/2021,0
5/4/2021,0
5/5/2021,50.2
5/6/2021,8888
5/7/2021,1
5/8/2021,0
5/9/2021,11
5/10/2021,3
5/11/2021,1.5
5/12/2021,0
5/13/2021,0
5/14/2021,0
5/15/2021,5.1
5/16/2021,0
5/17/2021,14.3
5/18/2021,0.5
5/19/2021,0
5/20/2021,0
5/21/2021,0
5/22/2021,0
5/23/2021,1
5/24/2021,0
5/25/2021,1
5/26/2021,0
5/27/2021,0
5/28/2021,0
5/29/2021,6.4
5/30/2021,21.7
5/31/2021,0
6/1/2021,0
6/2/2021,0
6/3/2021,0
6/4/2021,14.2
6/5/2021,19.5
6/6/2021,0
6/7/2021,0.3
6/8/2021,0
6/9/2021,8888
6/10/2021,0
6/11/2021,0
6/12/2021,0
6/13/2021,0
6/14/2021,0
6/15/2021,0
6/16/2021,4
6/17/2021,8.5
6/18/2021,8888
6/19/2021,3.5
6/20/2021,0
6/21/2021,0
6/22/2021,0
6/23/2021,0
6/24/2021,3.7
6/25/2021,0.8
6/26/2021,0
6/27/2021,0
6/28/2021,0.3
6/29/2021,8.1
6/30/2021,2.9
7/1/2021,15.7
7/2/2021,1.9
7/3/2021,0
7/4/2021,0.2
7/5/2021,0
7/6/2021,0
7/7/2021,0
7/8/2021,0
7/9/2021,0
7/10/2021,0
7/11/2021,29.9
7/12/2021,0
7/13/2021,8888
7/14/2021,3.3
7/15/2021,0
7/16/2021,0.2
7/17/2021,0
7/18/2021,0
7/19/2021,0
7/20/2021,0
7/21/2021,1.2
7/22/2021,0
7/23/2021,0
7/24/2021,8888
7/25/2021,0
7/26/2021,0
7/27/2021,0
7/28/2021,0
7/29/2021,0
7/30/2021,0
7/31/2021,0
8/1/2021,8
8/2/2021,19.2
8/3/2021,4
8/4/2021,8888
8/5/2021,8888
8/6/2021,3
8/7/2021,0
8/8/2021,0.3
8/9/2021,0
8/10/2021,1.3
8/11/2021,0
8/12/2021,0
8/13/2021,0
8/14/2021,4.5
8/15/2021,8888
8/16/2021,2
8/17/2021,0
8/18/2021,2.2
8/19/2021,0
8/20/2021,3.6
8/21/2021,8888
8/22/2021,10.4
8/23/2021,0
8/24/2021,0
8/25/2021,0
8/26/2021,0
8/27/2021,0
8/28/2021,0
8/29/2021,8888
8/30/2021,6.4
8/31/2021,5.8
9/1/2021,5.8
9/2/2021,1.3
9/3/2021,0
9/4/2021,0
9/5/2021,0
9/6/2021,17.3
9/7/2021,66
9/8/2021,8.2
9/9/2021,0
9/10/2021,0.8
9/11/2021,0
9/12/2021,0
9/13/2021,11
9/14/2021,16.6
9/15/2021,8888
9/16/2021,0
9/17/2021,0
9/18/2021,0
9/19/2021,0
9/20/2021,9.6
9/21/2021,0
9/22/2021,3.8
9/23/2021,0
9/24/2021,9
9/25/2021,13.8
9/26/2021,12
9/27/2021,0
9/28/2021,1
9/29/2021,5.3
9/30/2021,0.6
10/1/2021,0
10/2/2021,0
10/3/2021,0
10/4/2021,0
10/5/2021,0
10/6/2021,0
10/7/2021,8888
10/8/2021,0
10/9/2021,0.7
10/10/2021,0
10/11/2021,4.5
10/12/2021,1.5
10/13/2021,0
10/14/2021,0
10/15/2021,0
10/16/2021,0.2
10/17/2021,0
10/18/2021,10.2
10/19/2021,50.2
10/20/2021,0
10/21/2021,0
10/22/2021,0
10/23/2021,0
10/24/2021,16.6
10/25/2021,12.2
10/26/2021,1.2
10/27/2021,0
10/28/2021,3.9
10/29/2021,12.1
10/30/2021,0
10/31/2021,0
11/1/2021,0
11/2/2021,25.9
11/3/2021,0
11/4/2021,0
11/5/2021,0
11/6/2021,0
11/7/2021,0
11/8/2021,34.6
11/9/2021,15.6
11/10/2021,70.7
11/11/2021,14.8
11/12/2021,0.4
11/13/2021,0
11/14/2021,0
11/15/2021,0
11/16/2021,5.2
11/17/2021,0
11/18/2021,1.7
11/19/2021,0.4
11/20/2021,8888
11/21/2021,21.9
11/22/2021,8888
11/23/2021,0
11/24/2021,0.8
11/25/2021,8888
11/26/2021,0
11/27/2021,14.3
11/28/2021,0
11/29/2021,0
11/30/2021,4.9
12/1/2021,0
12/2/2021,0
12/3/2021,0
12/4/2021,6
12/5/2021,27.2
12/6/2021,6.7
12/7/2021,36.8
12/8/2021,1.7
12/9/2021,2.4
12/10/2021,7.8
12/11/2021,19
12/12/2021,0
12/13/2021,0
12/14/2021,1.5
12/15/2021,5.2
12/16/2021,0
12/17/2021,43.8
12/18/2021,0
12/19/2021,0
12/20/2021,1.9
12/21/2021,9.5
12/22/2021,2.9
12/23/2021,0
12/24/2021,3.6
12/25/2021,11
12/26/2021,47.3
12/27/2021,10
12/28/2021,0
12/29/2021,5.6
12/30/2021,9.5
12/31/2021,8888
1/1/2022,1.1
1/2/2022,0
1/3/2022,0
1/4/2022,0
1/5/2022,0
1/6/2022,1
1/7/2022,36.7
1/8/2022,0.1
1/9/2022,1.5
1/10/2022,8888
1/11/2022,33
1/12/2022,5.3
1/13/2022,11.1
1/14/2022,24.2
1/15/2022,11.6
1/16/2022,4.8
1/17/2022,72.5
1/18/2022,3.5
1/19/2022,0.2
1/20/2022,8.2
1/21/2022,11.1
1/22/2022,16.2
1/23/2022,5.9
1/24/2022,0
1/25/2022,0
1/26/2022,9.6
1/27/2022,1.8
1/28/2022,0
1/29/2022,8888
1/30/2022,5
1/31/2022,5.5
2/1/2022,8888
2/2/2022,4.5
2/3/2022,0
2/4/2022,1
2/5/2022,32.5
2/6/2022,1
2/7/2022,11.5
2/8/2022,0
2/9/2022,0
2/10/2022,17.7
2/11/2022,8888
2/12/2022,0
2/13/2022,0
2/14/2022,0.7
2/15/2022,0
2/16/2022,0
2/17/2022,0.6
2/18/2022,1
2/19/2022,0
2/20/2022,0
2/21/2022,27.4
2/22/2022,1.2
2/23/2022,8.9
2/24/2022,19.5
2/25/2022,0
2/26/2022,0
2/27/2022,0
2/28/2022,0
3/1/2022,0
3/2/2022,8888
3/3/2022,8888
3/4/2022,10.4
3/5/2022,0
3/6/2022,33.2
3/7/2022,8888
3/8/2022,8888
3/9/2022,8888
3/10/2022,0
3/11/2022,0
3/12/2022,1.2
3/13/2022,8.6
3/14/2022,3.5
3/15/2022,0.8
3/16/2022,0
3/17/2022,0
3/18/2022,11.9
3/19/2022,0
3/20/2022,0
3/21/2022,0
3/22/2022,0
3/23/2022,1.6
3/24/2022,11.3
3/25/2022,10.7
3/26/2022,0
3/27/2022,0
3/28/2022,7
3/29/2022,0.4
3/30/2022,0
3/31/2022,4
4/1/2022,8.8
4/2/2022,0
4/3/2022,1.3
4/4/2022,0
4/5/2022,0
4/6/2022,0
4/7/2022,0
4/8/2022,0
4/9/2022,0
4/10/2022,0
4/11/2022,0
4/12/2022,0
4/13/2022,0
4/14/2022,0
4/15/2022,1.1
4/16/2022,52.9
4/17/2022,0
4/18/2022,0
4/19/2022,7.3
4/20/2022,0
4/21/2022,0
4/22/2022,0
4/23/2022,8.1
4/24/2022,42.5
4/25/2022,0
4/26/2022,0
4/27/2022,3.3
4/28/2022,45.5
4/29/2022,0
4/30/2022,0
5/1/2022,0
5/2/2022,0
5/3/2022,4.8
5/4/2022,6.8
5/5/2022,4.9
5/6/2022,0
5/7/2022,12.4
5/8/2022,0
5/9/2022,0
5/10/2022,0
5/11/2022,0
5/12/2022,8888
5/13/2022,0
5/14/2022,0
5/15/2022,0
5/16/2022,5.5
5/17/2022,0
5/18/2022,0
5/19/2022,2.5
5/20/2022,19.5
5/21/2022,8888
5/22/2022,5.1
5/23/2022,6
5/24/2022,8888
5/25/2022,12.8
5/26/2022,8.2
5/27/2022,0
5/28/2022,11.5
5/29/2022,0
5/30/2022,6.2
5/31/2022,1.5
6/1/2022,0
6/2/2022,7
6/3/2022,0
6/4/2022,0
6/5/2022,0
6/6/2022,8888
6/7/2022,30.2
6/8/2022,2
6/9/2022,38.5
6/10/2022,0
6/11/2022,8888
6/12/2022,19.5
6/13/2022,0.1
6/14/2022,0
6/15/2022,0.3
6/16/2022,10
6/17/2022,1.5
6/18/2022,0
6/19/2022,0.5
6/20/2022,2.3
6/21/2022,11.4
6/22/2022,0
6/23/2022,5.7
6/24/2022,11.2
6/25/2022,0.2
6/26/2022,3.5
6/27/2022,0.4
6/28/2022,8888
6/29/2022,22.8
6/30/2022,0
7/1/2022,0
7/2/2022,0
7/3/2022,0.2
7/4/2022,8888
7/5/2022,0
7/6/2022,3.8
7/7/2022,0
7/8/2022,0
7/9/2022,0
7/10/2022,0.5
7/11/2022,0.5
7/12/2022,0.5
7/13/2022,7.5
7/14/2022,0
7/15/2022,9
7/16/2022,40.1
7/17/2022,2
7/18/2022,0
7/19/2022,0
7/20/2022,0
7/21/2022,28.1
7/22/2022,8888
7/23/2022,2.2
7/24/2022,0.2
7/25/2022,8888
7/26/2022,0.5
7/27/2022,0
7/28/2022,8888
7/29/2022,0
7/30/2022,2.5
7/31/2022,0.2
8/1/2022,0
8/2/2022,0
8/3/2022,0
8/4/2022,57.4
8/5/2022,0
8/6/2022,1
8/7/2022,0
8/8/2022,1.3
8/9/2022,0
8/10/2022,0
8/11/2022,0
8/12/2022,8888
8/13/2022,0.4
8/14/2022,0
8/15/2022,0
8/16/2022,6.2
8/17/2022,25
8/18/2022,14.4
8/19/2022,0.5
8/20/2022,0.7
8/21/2022,3
8/22/2022,17.6
8/23/2022,8888
8/24/2022,8.4
8/25/2022,1
8/26/2022,3.4
8/27/2022,8888
8/28/2022,7.2
8/29/2022,11.4
8/30/2022,2
8/31/2022,0
9/1/2022,24.9
9/2/2022,2.7
9/3/2022,21.7
9/4/2022,0
9/5/2022,0
9/6/2022,0
9/7/2022,17.3
9/8/2022,0
9/9/2022,3.5
9/10/2022,52.8
9/11/2022,0
9/12/2022,14.5
9/13/2022,11.5
9/14/2022,0
9/15/2022,0
9/16/2022,0
9/17/2022,0
9/18/2022,0
9/19/2022,0
9/20/2022,1.9
9/21/2022,0
9/22/2022,10.8
9/23/2022,8888
9/24/2022,12
9/25/2022,10.8
9/26/2022,4.7
9/27/2022,0
9/28/2022,0
9/29/2022,0
9/30/2022,8888
10/1/2022,19.9
10/2/2022,19.5
10/3/2022,19.2
10/4/2022,1
10/5/2022,0.2
10/6/2022,8888
10/7/2022,18.7
10/8/2022,8888
10/9/2022,0
10/10/2022,0
10/11/2022,0.2
10/12/2022,0.5
10/13/2022,0.5
10/14/2022,0
10/15/2022,2
10/16/2022,1.3
10/17/2022,4.8
10/18/2022,0
10/19/2022,8888
10/20/2022,0
10/21/2022,8888
10/22/2022,8.2
10/23/2022,138.6
10/24/2022,0
10/25/2022,30
10/26/2022,7.1
10/27/2022,42.3
10/28/2022,21
10/29/2022,0
10/30/2022,1.5
10/31/2022,0.5
11/1/2022,0
11/2/2022,0
11/3/2022,0
11/4/2022,0.4
11/5/2022,2.3
11/6/2022,0
11/7/2022,0
11/8/2022,2.7
11/9/2022,0.9
11/10/2022,8888
11/11/2022,18.8
11/12/2022,3.7
11/13/2022,6.5
11/14/2022,0
11/15/2022,3
11/16/2022,0.8
11/17/2022,26.5
11/18/2022,0.3
11/19/2022,14.4
11/20/2022,0
11/21/2022,8888
11/22/2022,0
11/23/2022,0
11/24/2022,3
11/25/2022,0
11/26/2022,0
11/27/2022,0
11/28/2022,0
11/29/2022,0
11/30/2022,0
12/1/2022,0
12/2/2022,0
12/3/2022,8888
12/4/2022,1.4
12/5/2022,0
12/6/2022,0
12/7/2022,1.3
12/8/2022,26.1
12/9/2022,0.2
12/10/2022,0.7
12/11/2022,0
12/12/2022,8888
12/13/2022,8888
12/14/2022,0
12/15/2022,0
12/16/2022,2
12/17/2022,22.9
12/18/2022,0
12/19/2022,0
12/20/2022,5.5
12/21/2022,35.7
12/22/2022,3.3
12/23/2022,60.5
12/24/2022,0
12/25/2022,2.5
12/26/2022,1.9
12/27/2022,6.8
12/28/2022,8888
12/29/2022,5.5
12/30/2022,8888
12/31/2022,0
1/1/2023,56.8
1/2/2023,8888
1/3/2023,3
1/4/2023,0
1/5/2023,8888
1/6/2023,3.8
1/7/2023,0
1/8/2023,8888
1/9/2023,0
1/10/2023,0
1/11/2023,0
1/12/2023,0
1/13/2023,0
1/14/2023,0
1/15/2023,0
1/16/2023,0
1/17/2023,1.9
1/18/2023,26.4
1/19/2023,0.8
1/20/2023,22.9
1/21/2023,0
1/22/2023,3.1
1/23/2023,0
1/24/2023,1.8
1/25/2023,2.3
1/26/2023,8888
1/27/2023,3.8
1/28/2023,1.1
1/29/2023,3.2
1/30/2023,0
1/31/2023,0
2/1/2023,9
2/2/2023,3.7
2/3/2023,12.4
2/4/2023,8888
2/5/2023,4.6
2/6/2023,0
2/7/2023,0.5
2/8/2023,3.9
2/9/2023,1.4
2/10/2023,0
2/11/2023,5.1
2/12/2023,31.3
2/13/2023,8888
2/14/2023,0
2/15/2023,0
2/16/2023,8.5
2/17/2023,0
2/18/2023,0.3
2/19/2023,8888
2/20/2023,7.5
2/21/2023,10.6
2/22/2023,6.9
2/23/2023,54.7
2/24/2023,4.1
2/25/2023,1
2/26/2023,8.5
2/27/2023,15.8
2/28/2023,12.5
3/1/2023,17.5
3/2/2023,21.7
3/3/2023,2.3
3/4/2023,11.1
3/5/2023,27.5
3/6/2023,9.6
3/7/2023,0
3/8/2023,9.8
3/9/2023,18
3/10/2023,8888
3/11/2023,1
3/12/2023,0
3/13/2023,16
3/14/2023,3
3/15/2023,0
3/16/2023,0
3/17/2023,0
3/18/2023,6
3/19/2023,0
3/20/2023,0
3/21/2023,0
3/22/2023,21
3/23/2023,0
3/24/2023,7.2
3/25/2023,0
3/26/2023,0
3/27/2023,0
3/28/2023,0
3/29/2023,7
3/30/2023,13.4
3/31/2023,4.3
4/1/2023,7
4/2/2023,0
4/3/2023,0
4/4/2023,0
4/5/2023,3.4
4/6/2023,0
4/7/2023,0
4/8/2023,0.2
4/9/2023,2.4
4/10/2023,16.3
4/11/2023,0
4/12/2023,0
4/13/2023,0
4/14/2023,1
4/15/2023,0.4
4/16/2023,0
4/17/2023,0
4/18/2023,0
4/19/2023,0
4/20/2023,4.3
4/21/2023,0
4/22/2023,8888
4/23/2023,1.1
4/24/2023,6.2
4/25/2023,9.3
4/26/2023,1.5
4/27/2023,0
4/28/2023,0
4/29/2023,3.6
4/30/2023,0
5/1/2023,0
5/2/2023,0
5/3/2023,107.3
5/4/2023,13
5/5/2023,8888
5/6/2023,0
5/7/2023,0
5/8/2023,0
5/9/2023,61
5/10/2023,0
5/11/2023,0
5/12/2023,3.3
5/13/2023,2.2
5/14/2023,10.3
5/15/2023,0
5/16/2023,0
5/17/2023,0
5/18/2023,30.4
5/19/2023,7.7
5/20/2023,0.5
5/21/2023,0
5/22/2023,8888
5/23/2023,0
5/24/2023,0
5/25/2023,0
5/26/2023,0
5/27/2023,1.6
5/28/2023,5.4
5/29/2023,3.7
5/30/2023,0
5/31/2023,0
6/1/2023,0
6/2/2023,0
6/3/2023,0
6/4/2023,15.9
6/5/2023,0
6/6/2023,0
6/7/2023,0
6/8/2023,13.2
6/9/2023,1.6
6/10/2023,0
6/11/2023,1.3
6/12/2023,0
6/13/2023,0
6/14/2023,10.2
6/15/2023,5
6/16/2023,5.8
6/17/2023,9
6/18/2023,0
6/19/2023,2.8
6/20/2023,3.6
6/21/2023,8888
6/22/2023,0
6/23/2023,3.2
6/24/2023,18.2
6/25/2023,5
6/26/2023,2
6/27/2023,3.4
6/28/2023,0
6/29/2023,0
6/30/2023,0
7/1/2023,1.5
7/2/2023,0
7/3/2023,0
7/4/2023,0
7/5/2023,0.8
7/6/2023,0
7/7/2023,0
7/8/2023,0.6
7/9/2023,1.5
7/10/2023,13.7
7/11/2023,29
7/12/2023,0
7/13/2023,0
7/14/2023,1
7/15/2023,0
7/16/2023,2
7/17/2023,0.2
7/18/2023,0
7/19/2023,0
7/20/2023,0
7/21/2023,0
7/22/2023,0
7/23/2023,0.6
7/24/2023,0
7/25/2023,4.6
7/26/2023,0
7/27/2023,0
7/28/2023,0
7/29/2023,2.5
7/30/2023,0
7/31/2023,0
8/1/2023,0
8/2/2023,0
8/3/2023,4.1
8/4/2023,4.6
8/5/2023,0
8/6/2023,0
8/7/2023,0
8/8/2023,0
8/9/2023,0.5
8/10/2023,0
8/11/2023,0
8/12/2023,0
8/13/2023,0
8/14/2023,0
8/15/2023,0
8/16/2023,0
8/17/2023,0
8/18/2023,0
8/19/2023,0
8/20/2023,0
8/21/2023,8888
8/22/2023,0
8/23/2023,0
8/24/2023,0
8/25/2023,0
8/26/2023,0
8/27/2023,0.2
8/28/2023,0
8/29/2023,0
8/30/2023,0
8/31/2023,0
9/1/2023,0
9/2/2023,0
9/3/2023,0
9/4/2023,0
9/5/2023,0
9/6/2023,0
9/7/2023,0
9/8/2023,0.6
9/9/2023,0
9/10/2023,0
9/11/2023,0
9/12/2023,0
9/13/2023,0
9/14/2023,0.2
9/15/2023,0
9/16/2023,0
9/17/2023,0
9/18/2023,0
9/19/2023,0
9/20/2023,3.4
9/21/2023,0
9/22/2023,0
9/23/2023,0
9/24/2023,0
9/25/2023,0
9/26/2023,0
9/27/2023,0
9/28/2023,0
9/29/2023,0
9/30/2023,0
10/1/2023,0
10/2/2023,0
10/3/2023,0
10/4/2023,0
10/5/2023,0
10/6/2023,0
10/7/2023,0
10/8/2023,0
10/9/2023,0
10/10/2023,0
10/11/2023,0
10/12/2023,0
10/13/2023,0
10/14/2023,0
10/15/2023,0
10/16/2023,0
10/17/2023,0
10/18/2023,0
10/19/2023,0
10/20/2023,0
10/21/2023,0
10/22/2023,0
10/23/2023,0
10/24/2023,0
10/25/2023,0
10/26/2023,0.2
10/27/2023,0
10/28/2023,0
10/29/2023,0
10/30/2023,0
10/31/2023,0
11/1/2023,0
11/2/2023,0
11/3/2023,0
11/4/2023,31.5
11/5/2023,7.4
11/6/2023,4.5
11/7/2023,1
11/8/2023,0
11/9/2023,0
11/10/2023,0
11/11/2023,0
11/12/2023,0
11/13/2023,0
11/14/2023,0.5
11/15/2023,1.9
11/16/2023,0
11/17/2023,0
11/18/2023,0
11/19/2023,0
11/20/2023,0
11/21/2023,0
11/22/2023,0
11/23/2023,0
11/24/2023,0
11/25/2023,6.4
11/26/2023,21.5
11/27/2023,0
11/28/2023,2.5
11/29/2023,1.7
11/30/2023,2
12/1/2023,76.5
12/2/2023,3
12/3/2023,0
12/4/2023,3
12/5/2023,5.5
12/6/2023,5
12/7/2023,23
12/8/2023,5.4
12/9/2023,0
12/10/2023,0
12/11/2023,0
12/12/2023,0
12/13/2023,0
12/14/2023,0
12/15/2023,0
12/16/2023,0
12/17/2023,0
12/18/2023,0
12/19/2023,0
12/20/2023,0
12/21/2023,0
12/22/2023,0
12/23/2023,0
12/24/2023,0
12/25/2023,0
12/26/2023,8888
12/27/2023,28
12/28/2023,0
12/29/2023,0
12/30/2023,0.3
12/31/2023,3.2
1/1/2024,17.5
1/2/2024,0.6
1/3/2024,3.5
1/4/2024,6.2
1/5/2024,98.2
1/6/2024,21.0
1/7/2024,0.0
1/8/2024,0.7
1/9/2024,10.9
1/10/2024,0.0
1/11/2024,0.0
1/12/2024,31.5
1/13/2024,11.5
1/14/2024,3.0
1/15/2024,1.0
1/16/2024,0.0
1/17/2024,0.0
1/18/2024,5.6
1/19/2024,1.6
1/20/2024,9.7
1/21/2024,0.0
1/22/2024,0.0
1/23/2024,0.0
1/24/2024,0.0
1/25/2024,3.0
1/26/2024,0.0
1/27/2024,5.9
1/28/2024,27.7
1/29/2024,0.0
1/30/2024,26.2
1/31/2024,3.8
2/1/2024,23.5
2/2/2024,18.1
2/3/2024,0.2
2/4/2024,0.0
2/5/2024,1.9
2/6/2024,26.0
2/7/2024,TTU
2/8/2024,0.0
2/9/2024,0.0
2/10/2024,22.2
2/11/2024,5.2
2/12/2024,60.2
2/13/2024,0.0
2/14/2024,1.3
2/15/2024,2.0
2/16/2024,1.3
2/17/2024,1.3
2/18/2024,61.1
2/19/2024,11.0
2/20/2024,0.4
2/21/2024,2.0
2/22/2024,6.8
2/23/2024,0.0
2/24/2024,0.0
2/25/2024,100.1
2/26/2024,42.3
2/27/2024,0.0
2/28/2024,1.4
2/29/2024,3.7
3/1/2024,0.0
3/2/2024,21.8
3/3/2024,38.8
3/4/2024,8.6
3/5/2024,0.0
3/6/2024,0.0
3/7/2024,0.0
3/8/2024,TTU
3/9/2024,12.6
3/10/2024,1.5
3/11/2024,13.6
3/12/2024,34.0
3/13/2024,14.5
3/14/2024,5.3
3/15/2024,30.5
3/16/2024,11.5
3/17/2024,21.8
3/18/2024,3.4
3/19/2024,0.0
3/20/2024,0.0
3/21/2024,0.0
3/22/2024,28.2
3/23/2024,2.0
3/24/2024,2.9
3/25/2024,0.0
3/26/2024,0.0
3/27/2024,0.0
3/28/2024,45.5
3/29/2024,4.9
3/30/2024,12.4
3/31/2024,0.0
4/1/2024,8.8
4/2/2024,0.0
4/3/2024,2.2
4/4/2024,12.1
4/5/2024,93.5
4/6/2024,1.6
4/7/2024,0.0
4/8/2024,0.0
4/9/2024,0.0
4/10/2024,11.0
4/11/2024,0.0
4/12/2024,0.0
4/13/2024,0.9
4/14/2024,0.0
4/15/2024,2.5
4/16/2024,0.0
4/17/2024,3.0
4/18/2024,8.5
4/19/2024,TTU
4/20/2024,TTU
4/21/2024,4.0
4/22/2024,8.4
4/23/2024,3.7
4/24/2024,8.5
4/25/2024,2.7
4/26/2024,11.5
4/27/2024,28.0
4/28/2024,8.0
4/29/2024,1.3
4/30/2024,1.5
5/1/2024,5.0
5/2/2024,3.0
5/3/2024,0.2
5/4/2024,8.6
5/5/2024,16.0
5/6/2024,7.9
5/7/2024,TTU
5/8/2024,0.0
5/9/2024,1.5
5/10/2024,0.0
5/11/2024,TTU
5/12/2024,TTU
5/13/2024,0.8
5/14/2024,7.5
5/15/2024,13.1
5/16/2024,0.0
5/17/2024,0.0
5/18/2024,TTU
5/19/2024,30.5
5/20/2024,0.0
5/21/2024,0.0
5/22/2024,1.5
5/23/2024,3.1
5/24/2024,3.3
5/25/2024,84.4
5/26/2024,0.4
5/27/2024,0.0
5/28/2024,0.0
5/29/2024,0.0
5/30/2024,6.2
5/31/2024,0.0
6/1/2024,0.0
6/2/2024,0.0
6/3/2024,8.6
6/4/2024,0.0
6/5/2024,1.0
6/6/2024,0.0
6/7/2024,0.0
6/8/2024,1.5
6/9/2024,TTU
6/10/2024,0.0
6/11/2024,23.0
6/12/2024,TTU
6/13/2024,TTU
6/14/2024,1.0
6/15/2024,0.0
6/16/2024,0.7
6/17/2024,TTU
6/18/2024,0.5
6/19/2024,0.0
6/20/2024,0.0
6/21/2024,0.0
6/22/2024,0.0
6/23/2024,0.0
6/24/2024,0.0
6/25/2024,3.3
6/26/2024,9.6
6/27/2024,0.0
6/28/2024,0.0
6/29/2024,1.0
6/30/2024,0.0
7/1/2024,0.0
7/2/2024,0.0
7/3/2024,0.0
7/4/2024,2.6
7/5/2024,0.4
7/6/2024,40.7
7/7/2024,12.0
7/8/2024,TTU
7/9/2024,16.3
7/10/2024,0.0
7/11/2024,0.0
7/12/2024,0.0
7/13/2024,0.0
7/14/2024,0.0
7/15/2024,0.0
7/16/2024,0.0
7/17/2024,0.0
7/18/2024,0.3
7/19/2024,0.5
7/20/2024,0.0
7/21/2024,0.0
7/22/2024,0.0
7/23/2024,0.0
7/24/2024,0.0
7/25/2024,2.2
7/26/2024,TTU
7/27/2024,0.0
7/28/2024,0.0
7/29/2024,0.8
7/30/2024,0.0
7/31/2024,0.0
8/1/2024,0.0
8/2/2024,0.0
8/3/2024,4.1
8/4/2024,18.1
8/5/2024,0.0
8/6/2024,7.5
8/7/2024,0.0
8/8/2024,TTU
8/9/2024,TTU
8/10/2024,0.0
8/11/2024,1.2
8/12/2024,0.0
8/13/2024,0.0
8/14/2024,0.0
8/15/2024,0.0
8/16/2024,0.0
8/17/2024,0.0
8/18/2024,0.0
8/19/2024,0.0
8/20/2024,0.0
8/21/2024,0.0
8/22/2024,TTU
8/23/2024,0.0
8/24/2024,0.0
8/25/2024,0.0
8/26/2024,0.0
8/27/2024,0.0
8/28/2024,0.0
8/29/2024,0.0
8/30/2024,0.0
8/31/2024,0.0
9/1/2024,0.0
9/2/2024,0.0
9/3/2024,0.0
9/4/2024,TTU
9/5/2024,0.2
9/6/2024,0.0
9/7/2024,2.5
9/8/2024,0.0
9/9/2024,0.0
9/10/2024,18.1
9/11/2024,1.9
9/12/2024,0.0
9/13/2024,1.1
9/14/2024,7.5
9/15/2024,0.0
9/16/2024,0.7
9/17/2024,0.0
9/18/2024,0.0
9/19/2024,0.0
9/20/2024,0.0
9/21/2024,0.0
9/22/2024,0.0
9/23/2024,0.0
9/24/2024,0.0
9/25/2024,12.0
9/26/2024,76.3
9/27/2024,6.6
9/28/2024,0.0
9/29/2024,0.0
9/30/2024,10.0
10/1/2024,3.5
10/2/2024,0.0
10/3/2024,0.0
10/4/2024,0.0
10/5/2024,11.0
10/6/2024,5.0
10/7/2024,TTU
10/8/2024,0.0
10/9/2024,0.0
10/10/2024,0.0
10/11/2024,5.0
10/12/2024,19.5
10/13/2024,6.8
10/14/2024,0.5
10/15/2024,0.0
10/16/2024,0.0
10/17/2024,0.0
10/18/2024,0.0
10/19/2024,0.0
10/20/2024,0.0
10/21/2024,0.0
10/22/2024,0.0
10/23/2024,0.0
10/24/2024,0.0
10/25/2024,0.0
10/26/2024,0.0
10/27/2024,0.0
10/28/2024,0.0
10/29/2024,0.0
10/30/2024,0.0
10/31/2024,0.0
11/1/2024,0.0
11/2/2024,TTU
11/3/2024,0.0
11/4/2024,TTU
11/5/2024,0.0
11/6/2024,0.4
11/7/2024,3.7
11/8/2024,0.0
11/9/2024,0.0
11/10/2024,0.0
11/11/2024,6.4
11/12/2024,0.0
11/13/2024,9.2
11/14/2024,0.0
11/15/2024,0.0
11/16/2024,21.5
11/17/2024,16.3
11/18/2024,0.0
11/19/2024,21.8
11/20/2024,0.0
11/21/2024,0.2
11/22/2024,1.5
11/23/2024,0.0
11/24/2024,0.0
11/25/2024,16.2
11/26/2024,1.6
11/27/2024,TTU
11/28/2024,0.0
11/29/2024,1.5
11/30/2024,0.0
12/1/2024,0.0
12/2/2024,2.0
12/3/2024,0.5
12/4/2024,1.5
12/5/2024,1.9
12/6/2024,10.3
12/7/2024,0.0
12/8/2024,25.7
12/9/2024,2.3
12/10/2024,1.2
12/11/2024,0.4
12/12/2024,TTU
12/13/2024,0.0
12/14/2024,1.0
12/15/2024,2.4
12/16/2024,TTU
12/17/2024,4.6
12/18/2024,TTU
12/19/2024,18.5
12/20/2024,74.0
12/21/2024,91.1
12/22/2024,36.5
12/23/2024,1.5
12/24/2024,17.0
12/25/2024,2.8
12/26/2024,16.3
12/27/2024,3.6
12/28/2024,0.0
12/29/2024,0.0
12/30/2024,12.4
12/31/2024,0.3
